Client Name,Project Name,Project Status,Phase Name,Deliverable Name,Milestone Name,Skill Level Name,Skill Name,EstimateInHours,FeeEstimateHigh,TrackedTimeInHours,TrackedFee,TrackedLaborCost,BillingRate,LaborRate,Comment,TrackedDate,FirstName,LastName,DepartmentName,UserCategoryTag
TechCorp,TechCorp Site Maintenance 2025,On-Hold,Testing,Site Updates,Baseline,PM - Tech 4,PM,1.82,364.0,1.58,316.0,197.5,200,125,Work on development,1/1/25,Drew,Garcia,Growth Architects,Primacy Contractor
TechCorp,TechCorp Site Maintenance 2025,Completed,Development,Site Updates,Site Updates,Content Migration 7,PM - Tech,1.18,236.0,0.67,134.0,67.0,200,100,Work on documentation,1/1/25,Casey,Brown,Project Management,Primacy Contractor
EduSystems,EduSystems Site Maintenance 2025,On-Hold,Development,Site Updates,Baseline,Content Migration 7,PM - Tech,7.7,1347.5,4.6,804.9999999999999,368.0,175,80,Work on development,1/1/25,Alex,Johnson,Technology,Primacy Staff
TechCorp,TechCorp Site Maintenance 2025,Completed,Planning,Sprint: Strategy & Ops,Site Updates,Designer 3,PM - Tech,10.05,1256.25,1.09,136.25,136.25,125,125,Work on development,1/1/25,Drew,Davis,Technology,Primacy Staff
HealthNet,HealthNet Site Maintenance 2025,Completed,Testing,Site Updates,Site Updates,PM - Tech 5,PM,9.71,1456.5000000000002,3.16,474.0,316.0,150,100,Work on review,1/1/25,Drew,Williams,Creative,Primacy Contractor
RetailPro,RetailPro Site Maintenance 2025,In-Progress,Testing,Site Updates,Progress & Risk Management,Developer 3,Designer,7.36,920.0,2.66,332.5,266.0,125,100,Work on development,1/2/25,Morgan,Miller,Creative,Primacy Staff
FinanceFirst,FinanceFirst Site Maintenance 2025,In-Progress,Development,Sprint: Strategy & Ops,Site Updates,Developer 5,Developer,11.88,1485.0,0.77,96.25,77.0,125,100,Work on documentation,1/2/25,Drew,Williams,Creative,Primacy Contractor
HealthNet,HealthNet Site Maintenance 2025,In-Progress,Planning,UI Development,Progress & Risk Management,Developer 5,Content Migration,3.58,716.0,1.8,360.0,225.0,200,125,Work on review,1/2/25,Casey,Jones,Technology,Primacy Contractor
RetailPro,RetailPro Site Maintenance 2025,Completed,Planning,Content Migration,Site Updates,Developer 5,Content Migration,10.77,1884.75,6.93,1212.75,554.4,175,80,Work on updates,1/2/25,Jordan,Smith,Growth Architects,Primacy Contractor
TechCorp,TechCorp Site Maintenance 2025,In-Progress,Deployment,Sprint: Strategy & Ops,Site Updates,Content Migration 7,Content Migration,7.29,1458.0,5.86,1172.0,732.5,200,125,Work on testing,1/3/25,Morgan,Miller,Creative,Primacy Staff
EduSystems,EduSystems Site Maintenance 2025,In-Progress,Planning,Content Migration,Baseline,Content Migration 5,PM - Tech,2.04,357.0,0.98,171.5,78.4,175,80,Work on review,1/3/25,Casey,Brown,Project Management,Primacy Contractor
EduSystems,EduSystems Site Maintenance 2025,Completed,Planning,Site Updates,Baseline,Developer 4,PM - Tech,1.71,299.25,1.68,294.0,210.0,175,125,Work on updates,1/3/25,Casey,Miller,Growth Architects,Primacy Contractor
TechCorp,TechCorp Site Maintenance 2025,On-Hold,Deployment,Content Migration,Site Updates,PM - Tech 5,PM,6.39,1118.25,3.87,677.25,309.6,175,80,Work on review,1/3/25,Drew,Williams,Creative,Primacy Contractor
HealthNet,HealthNet Site Maintenance 2025,On-Hold,Testing,UI Development,Progress & Risk Management,PM - Tech 3,PM,4.52,790.9999999999999,1.94,339.5,155.2,175,80,Work on testing,1/3/25,Jordan,Williams,Technology,Primacy Staff
RetailPro,RetailPro Site Maintenance 2025,In-Progress,Deployment,Content Migration,Progress & Risk Management,Content Migration 7,Content Migration,5.32,931.0,4.23,740.2500000000001,423.00000000000006,175,100,Work on review,1/4/25,Drew,Garcia,Project Management,Primacy Contractor
HealthNet,HealthNet Site Maintenance 2025,On-Hold,Deployment,UI Development,Progress & Risk Management,Content Migration 7,PM - Tech,1.15,172.5,0.42,63.0,33.6,150,80,Work on development,1/4/25,Drew,Jones,Technology,Primacy Staff
HealthNet,HealthNet Site Maintenance 2025,In-Progress,Development,UI Development,Baseline,Developer 3,PM - Tech,3.37,674.0,1.72,344.0,172.0,200,100,Work on testing,1/4/25,Drew,Davis,Technology,Primacy Staff
FinanceFirst,FinanceFirst Site Maintenance 2025,Completed,Deployment,Sprint: Strategy & Ops,Site Updates,PM - Tech 3,PM,2.65,397.5,0.29,43.5,36.25,150,125,Work on testing,1/4/25,Drew,Davis,Creative,Primacy Contractor
RetailPro,RetailPro Site Maintenance 2025,On-Hold,Planning,UI Development,Baseline,Developer 4,Designer,6.61,826.25,2.38,297.5,190.39999999999998,125,80,Work on updates,1/4/25,Morgan,Miller,Creative,Primacy Staff
TechCorp,TechCorp Site Maintenance 2025,On-Hold,Deployment,Site Updates,Site Updates,Designer 4,PM - Tech,10.28,1542.0,2.4,360.0,240.0,150,100,Work on documentation,1/4/25,Morgan,Miller,Creative,Primacy Staff
HealthNet,HealthNet Site Maintenance 2025,In-Progress,Testing,Sprint: Strategy & Ops,Progress & Risk Management,Developer 3,Content Migration,5.47,1094.0,3.09,618.0,309.0,200,100,Work on testing,1/4/25,Pat,Williams,Growth Architects,Primacy Contractor
HealthNet,HealthNet Site Maintenance 2025,On-Hold,Development,Sprint: Strategy & Ops,Progress & Risk Management,PM - Tech 4,PM,3.23,565.25,1.23,215.25,98.4,175,80,Work on review,1/5/25,Drew,Garcia,Project Management,Primacy Contractor
RetailPro,RetailPro Site Maintenance 2025,Completed,Planning,Sprint: Strategy & Ops,Baseline,Content Migration 6,PM - Tech,1.94,242.5,0.82,102.5,102.5,125,125,Work on review,1/5/25,Drew,Williams,Creative,Primacy Contractor
EduSystems,EduSystems Site Maintenance 2025,Completed,Deployment,Content Migration,Site Updates,Developer 5,Developer,8.45,1689.9999999999998,0.99,198.0,79.2,200,80,Work on development,1/5/25,Taylor,Miller,Creative,Primacy Contractor
RetailPro,RetailPro Site Maintenance 2025,In-Progress,Deployment,Sprint: Strategy & Ops,Progress & Risk Management,Developer 4,Developer,4.36,872.0000000000001,2.98,596.0,238.4,200,80,Work on development,1/5/25,Drew,Davis,Creative,Primacy Contractor
EduSystems,EduSystems Site Maintenance 2025,On-Hold,Deployment,Sprint: Strategy & Ops,Site Updates,Designer 4,Designer,4.12,721.0,1.82,318.5,145.6,175,80,Work on documentation,1/6/25,Casey,Miller,Growth Architects,Primacy Contractor
EduSystems,EduSystems Site Maintenance 2025,In-Progress,Testing,Sprint: Strategy & Ops,Baseline,PM - Tech 5,PM,8.16,1632.0,5.2,1040.0,650.0,200,125,Work on documentation,1/6/25,Drew,Jones,Project Management,Primacy Staff
FinanceFirst,FinanceFirst Site Maintenance 2025,In-Progress,Development,Sprint: Strategy & Ops,Progress & Risk Management,Designer 4,Developer,10.96,1370.0,8.62,1077.5,861.9999999999999,125,100,Work on updates,1/6/25,Taylor,Miller,Creative,Primacy Contractor
FinanceFirst,FinanceFirst Site Maintenance 2025,In-Progress,Testing,Content Migration,Progress & Risk Management,Content Migration 5,Developer,2.05,358.74999999999994,1.6,280.0,200.0,175,125,Work on review,1/6/25,Morgan,Miller,Creative,Primacy Staff
HealthNet,HealthNet Site Maintenance 2025,On-Hold,Development,Content Migration,Progress & Risk Management,Developer 4,Designer,0.81,141.75,0.75,131.25,60.0,175,80,Work on updates,1/6/25,Taylor,Miller,Creative,Primacy Contractor
TechCorp,TechCorp Site Maintenance 2025,Completed,Development,Site Updates,Progress & Risk Management,Developer 3,Content Migration,1.17,175.5,0.54,81.0,43.2,150,80,Work on development,1/6/25,Casey,Jones,Technology,Primacy Contractor
EduSystems,EduSystems Site Maintenance 2025,Completed,Testing,Content Migration,Site Updates,PM - Tech 3,PM,10.83,1895.25,8.58,1501.5,858.0,175,100,Work on development,1/7/25,Jordan,Smith,Growth Architects,Primacy Contractor
TechCorp,TechCorp Site Maintenance 2025,In-Progress,Planning,Site Updates,Baseline,Content Migration 7,Content Migration,5.79,1158.0,5.51,1102.0,551.0,200,100,Work on review,1/7/25,Jordan,Smith,Growth Architects,Primacy Contractor
RetailPro,RetailPro Site Maintenance 2025,On-Hold,Development,Sprint: Strategy & Ops,Baseline,PM - Tech 5,PM,5.27,790.4999999999999,1.08,162.0,86.4,150,80,Work on updates,1/7/25,Jordan,Smith,Growth Architects,Primacy Contractor
TechCorp,TechCorp Site Maintenance 2025,On-Hold,Testing,Sprint: Strategy & Ops,Baseline,Designer 3,PM - Tech,6.42,1123.5,0.45,78.75,36.0,175,80,Work on documentation,1/7/25,Pat,Williams,Growth Architects,Primacy Contractor
TechCorp,TechCorp Site Maintenance 2025,Completed,Deployment,Site Updates,Site Updates,Content Migration 5,PM - Tech,1.54,269.5,0.92,161.0,92.0,175,100,Work on updates,1/8/25,Alex,Garcia,Creative,Primacy Staff
FinanceFirst,FinanceFirst Site Maintenance 2025,In-Progress,Deployment,UI Development,Progress & Risk Management,Content Migration 6,PM - Tech,0.78,117.0,0.58,87.0,72.5,150,125,Work on documentation,1/8/25,Drew,Garcia,Growth Architects,Primacy Contractor
EduSystems,EduSystems Site Maintenance 2025,In-Progress,Planning,Sprint: Strategy & Ops,Site Updates,PM - Tech 4,PM,2.7,540.0,2.4,480.0,192.0,200,80,Work on review,1/8/25,Alex,Garcia,Creative,Primacy Staff
HealthNet,HealthNet Site Maintenance 2025,Completed,Development,UI Development,Site Updates,PM - Tech 5,PM,1.35,202.5,0.7,105.0,70.0,150,100,Work on updates,1/8/25,Morgan,Miller,Creative,Primacy Staff
FinanceFirst,FinanceFirst Site Maintenance 2025,In-Progress,Development,Content Migration,Baseline,Designer 3,PM - Tech,11.24,1405.0,2.21,276.25,276.25,125,125,Work on development,1/8/25,Drew,Garcia,Growth Architects,Primacy Contractor
FinanceFirst,FinanceFirst Site Maintenance 2025,Completed,Development,UI Development,Baseline,Developer 5,Designer,7.3,1460.0,4.01,802.0,320.79999999999995,200,80,Work on testing,1/8/25,Drew,Garcia,Growth Architects,Primacy Contractor
HealthNet,HealthNet Site Maintenance 2025,In-Progress,Development,Sprint: Strategy & Ops,Site Updates,PM - Tech 5,PM,4.2,630.0,2.63,394.5,328.75,150,125,Work on updates,1/9/25,Drew,Jones,Project Management,Primacy Staff
EduSystems,EduSystems Site Maintenance 2025,In-Progress,Planning,Sprint: Strategy & Ops,Site Updates,PM - Tech 5,PM,9.25,1156.25,2.0,250.0,200.0,125,100,Work on testing,1/9/25,Jordan,Williams,Technology,Primacy Staff
RetailPro,RetailPro Site Maintenance 2025,In-Progress,Development,Site Updates,Progress & Risk Management,Designer 4,Developer,6.86,1372.0,6.77,1354.0,677.0,200,100,Work on documentation,1/9/25,Drew,Davis,Technology,Primacy Staff
RetailPro,RetailPro Site Maintenance 2025,On-Hold,Development,Site Updates,Progress & Risk Management,Designer 4,Designer,3.55,621.25,0.25,43.75,25.0,175,100,Work on development,1/9/25,Casey,Brown,Project Management,Primacy Contractor
FinanceFirst,FinanceFirst Site Maintenance 2025,Completed,Deployment,Site Updates,Progress & Risk Management,Designer 5,PM - Tech,5.34,934.5,4.35,761.2499999999999,543.75,175,125,Work on development,1/9/25,Drew,Garcia,Growth Architects,Primacy Contractor
FinanceFirst,FinanceFirst Site Maintenance 2025,Completed,Development,Site Updates,Site Updates,PM - Tech 4,PM,8.02,1604.0,1.16,231.99999999999997,145.0,200,125,Work on testing,1/9/25,Taylor,Miller,Creative,Primacy Contractor
HealthNet,HealthNet Site Maintenance 2025,In-Progress,Development,Sprint: Strategy & Ops,Progress & Risk Management,Designer 4,Developer,8.67,1517.25,6.77,1184.75,677.0,175,100,Work on development,1/10/25,Jordan,Williams,Technology,Primacy Staff
TechCorp,TechCorp Site Maintenance 2025,Completed,Development,Site Updates,Site Updates,PM - Tech 4,PM,9.93,1737.75,4.39,768.25,548.75,175,125,Work on development,1/10/25,Casey,Brown,Project Management,Primacy Contractor
RetailPro,RetailPro Site Maintenance 2025,Completed,Development,Sprint: Strategy & Ops,Site Updates,Content Migration 6,Content Migration,9.35,1168.75,5.39,673.75,673.75,125,125,Work on review,1/10/25,Jordan,Smith,Growth Architects,Primacy Contractor
HealthNet,HealthNet Site Maintenance 2025,On-Hold,Deployment,UI Development,Baseline,Developer 3,Developer,7.9,1580.0,7.05,1410.0,705.0,200,100,Work on documentation,1/10/25,Taylor,Miller,Creative,Primacy Contractor
HealthNet,HealthNet Site Maintenance 2025,Completed,Development,UI Development,Baseline,Designer 4,Developer,4.91,982.0,2.36,472.0,188.79999999999998,200,80,Work on documentation,1/10/25,Alex,Garcia,Creative,Primacy Staff
FinanceFirst,FinanceFirst Site Maintenance 2025,Completed,Testing,Sprint: Strategy & Ops,Progress & Risk Management,Content Migration 5,Content Migration,9.11,1138.75,2.92,365.0,365.0,125,125,Work on testing,1/10/25,Drew,Davis,Creative,Primacy Contractor
EduSystems,EduSystems Site Maintenance 2025,On-Hold,Planning,Site Updates,Site Updates,Designer 5,Content Migration,3.09,463.5,2.19,328.5,219.0,150,100,Work on documentation,1/10/25,Alex,Garcia,Creative,Primacy Staff
TechCorp,TechCorp Site Maintenance 2025,In-Progress,Planning,UI Development,Site Updates,Content Migration 7,PM - Tech,0.68,119.00000000000001,0.39,68.25,48.75,175,125,Work on documentation,1/11/25,Jordan,Williams,Technology,Primacy Staff
TechCorp,TechCorp Site Maintenance 2025,Completed,Testing,Sprint: Strategy & Ops,Progress & Risk Management,Content Migration 5,Designer,1.88,329.0,0.38,66.5,47.5,175,125,Work on testing,1/11/25,Casey,Brown,Project Management,Primacy Contractor
EduSystems,EduSystems Site Maintenance 2025,In-Progress,Development,Sprint: Strategy & Ops,Progress & Risk Management,Content Migration 6,Developer,11.31,1696.5,2.55,382.5,254.99999999999997,150,100,Work on review,1/11/25,Drew,Jones,Technology,Primacy Staff
TechCorp,TechCorp Site Maintenance 2025,On-Hold,Testing,Sprint: Strategy & Ops,Site Updates,PM - Tech 5,PM,3.15,393.75,1.06,132.5,132.5,125,125,Work on documentation,1/11/25,Taylor,Miller,Creative,Primacy Contractor
HealthNet,HealthNet Site Maintenance 2025,On-Hold,Deployment,Content Migration,Site Updates,Designer 3,Developer,8.07,1614.0,7.36,1472.0,920.0,200,125,Work on review,1/11/25,Jordan,Williams,Technology,Primacy Staff
RetailPro,RetailPro Site Maintenance 2025,In-Progress,Testing,Content Migration,Progress & Risk Management,Designer 5,Content Migration,0.69,120.74999999999999,0.34,59.50000000000001,42.5,175,125,Work on documentation,1/12/25,Casey,Jones,Technology,Primacy Contractor
TechCorp,TechCorp Site Maintenance 2025,On-Hold,Planning,Content Migration,Baseline,Developer 5,PM - Tech,1.9,285.0,0.59,88.5,73.75,150,125,Work on review,1/12/25,Drew,Jones,Project Management,Primacy Staff
FinanceFirst,FinanceFirst Site Maintenance 2025,On-Hold,Deployment,UI Development,Baseline,Content Migration 5,PM - Tech,11.27,1972.25,6.58,1151.5,526.4,175,80,Work on updates,1/12/25,Taylor,Miller,Creative,Primacy Contractor
TechCorp,TechCorp Site Maintenance 2025,In-Progress,Testing,Site Updates,Site Updates,PM - Tech 3,PM,7.33,916.25,2.36,295.0,295.0,125,125,Work on documentation,1/12/25,Casey,Brown,Project Management,Primacy Contractor
RetailPro,RetailPro Site Maintenance 2025,In-Progress,Testing,Content Migration,Site Updates,Developer 3,Developer,4.93,862.75,2.3,402.49999999999994,287.5,175,125,Work on review,1/12/25,Casey,Jones,Technology,Primacy Contractor
TechCorp,TechCorp Site Maintenance 2025,In-Progress,Testing,UI Development,Progress & Risk Management,Developer 5,PM - Tech,3.42,513.0,2.11,316.5,211.0,150,100,Work on documentation,1/12/25,Drew,Jones,Technology,Primacy Staff
RetailPro,RetailPro Site Maintenance 2025,On-Hold,Development,Content Migration,Baseline,Content Migration 6,Developer,1.04,156.0,0.93,139.5,93.0,150,100,Work on updates,1/13/25,Taylor,Miller,Creative,Primacy Contractor
EduSystems,EduSystems Site Maintenance 2025,On-Hold,Planning,Sprint: Strategy & Ops,Progress & Risk Management,Developer 4,PM - Tech,3.99,798.0,3.25,650.0,260.0,200,80,Work on updates,1/13/25,Casey,Jones,Technology,Primacy Contractor
HealthNet,HealthNet Site Maintenance 2025,In-Progress,Testing,Sprint: Strategy & Ops,Progress & Risk Management,Designer 4,Content Migration,7.64,1146.0,5.49,823.5,549.0,150,100,Work on development,1/13/25,Pat,Williams,Growth Architects,Primacy Contractor
HealthNet,HealthNet Site Maintenance 2025,Completed,Planning,Sprint: Strategy & Ops,Baseline,Developer 3,Designer,1.02,127.5,0.49,61.25,39.2,125,80,Work on testing,1/14/25,Jordan,Smith,Growth Architects,Primacy Contractor
RetailPro,RetailPro Site Maintenance 2025,On-Hold,Planning,UI Development,Site Updates,Developer 3,PM - Tech,10.51,1576.5,1.11,166.50000000000003,138.75,150,125,Work on review,1/14/25,Taylor,Miller,Creative,Primacy Contractor
EduSystems,EduSystems Site Maintenance 2025,In-Progress,Deployment,Sprint: Strategy & Ops,Progress & Risk Management,Developer 3,Designer,9.02,1127.5,7.26,907.5,726.0,125,100,Work on testing,1/14/25,Jordan,Smith,Growth Architects,Primacy Contractor
TechCorp,TechCorp Site Maintenance 2025,Completed,Development,Site Updates,Site Updates,PM - Tech 3,PM,7.65,1147.5,6.03,904.5,753.75,150,125,Work on review,1/14/25,Drew,Jones,Project Management,Primacy Staff
HealthNet,HealthNet Site Maintenance 2025,On-Hold,Development,Content Migration,Progress & Risk Management,PM - Tech 3,PM,6.76,845.0,5.59,698.75,447.2,125,80,Work on development,1/14/25,Morgan,Miller,Creative,Primacy Staff
RetailPro,RetailPro Site Maintenance 2025,In-Progress,Testing,Site Updates,Progress & Risk Management,PM - Tech 5,PM,5.36,1072.0,3.21,642.0,401.25,200,125,Work on documentation,1/14/25,Jordan,Williams,Technology,Primacy Staff
HealthNet,HealthNet Site Maintenance 2025,In-Progress,Development,Content Migration,Baseline,Designer 4,Designer,9.0,1575.0,1.73,302.75,216.25,175,125,Work on updates,1/15/25,Pat,Williams,Growth Architects,Primacy Contractor
FinanceFirst,FinanceFirst Site Maintenance 2025,Completed,Deployment,UI Development,Site Updates,PM - Tech 4,PM,8.55,1282.5,5.54,831.0,443.2,150,80,Work on documentation,1/15/25,Drew,Davis,Creative,Primacy Contractor
TechCorp,TechCorp Site Maintenance 2025,On-Hold,Development,Site Updates,Progress & Risk Management,Developer 3,PM - Tech,1.16,145.0,0.77,96.25,77.0,125,100,Work on development,1/15/25,Drew,Williams,Creative,Primacy Contractor
EduSystems,EduSystems Site Maintenance 2025,In-Progress,Development,Content Migration,Baseline,Content Migration 7,Designer,9.67,1692.25,7.97,1394.75,797.0,175,100,Work on review,1/15/25,Drew,Garcia,Project Management,Primacy Contractor
TechCorp,TechCorp Site Maintenance 2025,Completed,Deployment,Site Updates,Baseline,Designer 3,Content Migration,6.57,985.5,4.14,621.0,517.5,150,125,Work on testing,1/15/25,Drew,Jones,Technology,Primacy Staff
HealthNet,HealthNet Site Maintenance 2025,On-Hold,Testing,UI Development,Site Updates,Designer 3,PM - Tech,7.76,1358.0,1.68,294.0,134.4,175,80,Work on updates,1/15/25,Drew,Jones,Technology,Primacy Staff
TechCorp,TechCorp Site Maintenance 2025,In-Progress,Planning,Sprint: Strategy & Ops,Baseline,PM - Tech 4,PM,8.2,1434.9999999999998,7.77,1359.75,621.5999999999999,175,80,Work on development,1/16/25,Alex,Johnson,Technology,Primacy Staff
FinanceFirst,FinanceFirst Site Maintenance 2025,Completed,Planning,Sprint: Strategy & Ops,Progress & Risk Management,Designer 3,PM - Tech,4.69,703.5000000000001,2.18,327.0,174.4,150,80,Work on review,1/16/25,Taylor,Miller,Creative,Primacy Contractor
RetailPro,RetailPro Site Maintenance 2025,Completed,Development,Site Updates,Site Updates,PM - Tech 3,PM,4.48,560.0,2.64,330.0,264.0,125,100,Work on documentation,1/16/25,Morgan,Miller,Creative,Primacy Staff
RetailPro,RetailPro Site Maintenance 2025,In-Progress,Testing,Site Updates,Progress & Risk Management,Content Migration 5,PM - Tech,5.27,790.4999999999999,1.43,214.5,114.39999999999999,150,80,Work on testing,1/16/25,Drew,Williams,Creative,Primacy Contractor
RetailPro,RetailPro Site Maintenance 2025,Completed,Development,Content Migration,Site Updates,Content Migration 5,Designer,4.73,827.7500000000001,1.45,253.75,116.0,175,80,Work on updates,1/16/25,Jordan,Smith,Growth Architects,Primacy Contractor
EduSystems,EduSystems Site Maintenance 2025,Completed,Testing,UI Development,Progress & Risk Management,Content Migration 5,Content Migration,7.71,1156.5,0.95,142.5,118.75,150,125,Work on testing,1/16/25,Pat,Williams,Growth Architects,Primacy Contractor
EduSystems,EduSystems Site Maintenance 2025,Completed,Planning,Sprint: Strategy & Ops,Baseline,PM - Tech 5,PM,6.74,1179.5,3.66,640.5,457.5,175,125,Work on development,1/16/25,Jordan,Williams,Technology,Primacy Staff
RetailPro,RetailPro Site Maintenance 2025,In-Progress,Planning,Site Updates,Progress & Risk Management,Designer 3,PM - Tech,8.81,1321.5,1.28,192.0,128.0,150,100,Work on documentation,1/17/25,Jordan,Smith,Growth Architects,Primacy Contractor
RetailPro,RetailPro Site Maintenance 2025,Completed,Planning,Sprint: Strategy & Ops,Site Updates,Content Migration 5,Content Migration,1.07,187.25,0.53,92.75,42.400000000000006,175,80,Work on documentation,1/17/25,Pat,Williams,Growth Architects,Primacy Contractor
EduSystems,EduSystems Site Maintenance 2025,Completed,Planning,Content Migration,Progress & Risk Management,PM - Tech 5,PM,2.56,320.0,0.61,76.25,76.25,125,125,Work on review,1/17/25,Jordan,Williams,Technology,Primacy Staff
RetailPro,RetailPro Site Maintenance 2025,On-Hold,Testing,Site Updates,Progress & Risk Management,Developer 3,Designer,5.72,715.0,4.53,566.25,362.40000000000003,125,80,Work on documentation,1/17/25,Taylor,Miller,Creative,Primacy Contractor
RetailPro,RetailPro Site Maintenance 2025,Completed,Development,Site Updates,Baseline,Content Migration 6,PM - Tech,4.99,873.25,1.9,332.5,237.5,175,125,Work on documentation,1/17/25,Jordan,Williams,Technology,Primacy Staff
EduSystems,EduSystems Site Maintenance 2025,On-Hold,Testing,Content Migration,Site Updates,Designer 5,PM - Tech,7.87,1377.25,6.55,1146.25,818.75,175,125,Work on development,1/17/25,Jordan,Smith,Growth Architects,Primacy Contractor
FinanceFirst,FinanceFirst Site Maintenance 2025,Completed,Planning,Sprint: Strategy & Ops,Progress & Risk Management,Developer 3,PM - Tech,10.23,2046.0,8.97,1794.0000000000002,1121.25,200,125,Work on testing,1/17/25,Taylor,Miller,Creative,Primacy Contractor
EduSystems,EduSystems Site Maintenance 2025,Completed,Planning,Content Migration,Baseline,PM - Tech 4,PM,10.15,1522.5,6.1,915.0,762.5,150,125,Work on review,1/18/25,Alex,Johnson,Technology,Primacy Staff
TechCorp,TechCorp Site Maintenance 2025,On-Hold,Testing,UI Development,Baseline,Content Migration 5,Content Migration,0.78,97.5,0.68,85.0,68.0,125,100,Work on updates,1/18/25,Taylor,Miller,Creative,Primacy Contractor
HealthNet,HealthNet Site Maintenance 2025,Completed,Planning,Site Updates,Progress & Risk Management,Developer 3,Developer,9.16,1832.0,5.86,1172.0,732.5,200,125,Work on updates,1/18/25,Taylor,Miller,Creative,Primacy Contractor
FinanceFirst,FinanceFirst Site Maintenance 2025,Completed,Planning,Sprint: Strategy & Ops,Site Updates,Content Migration 5,Designer,5.12,640.0,0.45,56.25,45.0,125,100,Work on review,1/18/25,Taylor,Miller,Creative,Primacy Contractor
EduSystems,EduSystems Site Maintenance 2025,In-Progress,Deployment,Sprint: Strategy & Ops,Baseline,Developer 5,Content Migration,2.17,325.5,1.83,274.5,228.75,150,125,Work on documentation,1/19/25,Drew,Jones,Technology,Primacy Staff
TechCorp,TechCorp Site Maintenance 2025,Completed,Testing,Sprint: Strategy & Ops,Site Updates,Designer 4,PM - Tech,9.7,1697.4999999999998,3.2,560.0,320.0,175,100,Work on updates,1/19/25,Taylor,Miller,Creative,Primacy Contractor
RetailPro,RetailPro Site Maintenance 2025,Completed,Planning,Sprint: Strategy & Ops,Baseline,Content Migration 6,Content Migration,8.7,1739.9999999999998,7.42,1484.0,593.6,200,80,Work on updates,1/19/25,Jordan,Smith,Growth Architects,Primacy Contractor
EduSystems,EduSystems Site Maintenance 2025,In-Progress,Testing,Sprint: Strategy & Ops,Baseline,Developer 4,Designer,2.18,381.5,0.28,49.00000000000001,35.0,175,125,Work on updates,1/19/25,Drew,Jones,Technology,Primacy Staff
EduSystems,EduSystems Site Maintenance 2025,On-Hold,Development,UI Development,Baseline,Developer 5,PM - Tech,6.3,1102.5,2.51,439.24999999999994,200.79999999999998,175,80,Work on documentation,1/20/25,Drew,Garcia,Project Management,Primacy Contractor
RetailPro,RetailPro Site Maintenance 2025,Completed,Development,UI Development,Progress & Risk Management,Developer 5,PM - Tech,7.76,1552.0,4.63,926.0,578.75,200,125,Work on development,1/20/25,Taylor,Miller,Creative,Primacy Contractor
TechCorp,TechCorp Site Maintenance 2025,On-Hold,Development,Site Updates,Progress & Risk Management,PM - Tech 5,PM,5.22,652.5,2.93,366.25,366.25,125,125,Work on documentation,1/20/25,Drew,Garcia,Project Management,Primacy Contractor
RetailPro,RetailPro Site Maintenance 2025,In-Progress,Planning,UI Development,Site Updates,PM - Tech 4,PM,8.04,1406.9999999999998,7.22,1263.5,902.5,175,125,Work on testing,1/21/25,Jordan,Williams,Technology,Primacy Staff
HealthNet,HealthNet Site Maintenance 2025,On-Hold,Development,Content Migration,Site Updates,PM - Tech 4,PM,6.38,1116.5,5.47,957.25,547.0,175,100,Work on updates,1/21/25,Casey,Jones,Technology,Primacy Contractor
RetailPro,RetailPro Site Maintenance 2025,Completed,Development,Content Migration,Progress & Risk Management,Content Migration 5,Developer,9.97,1744.75,7.54,1319.5,754.0,175,100,Work on review,1/21/25,Taylor,Miller,Creative,Primacy Contractor
TechCorp,TechCorp Site Maintenance 2025,Completed,Testing,UI Development,Progress & Risk Management,Designer 3,Developer,8.01,1401.75,6.83,1195.25,546.4,175,80,Work on documentation,1/21/25,Alex,Johnson,Technology,Primacy Staff
HealthNet,HealthNet Site Maintenance 2025,On-Hold,Planning,Site Updates,Site Updates,PM - Tech 3,PM,10.91,1909.25,1.02,178.5,127.5,175,125,Work on review,1/21/25,Alex,Garcia,Creative,Primacy Staff
RetailPro,RetailPro Site Maintenance 2025,In-Progress,Planning,Content Migration,Progress & Risk Management,Developer 4,PM - Tech,11.8,2360.0,3.75,750.0,468.75,200,125,Work on updates,1/21/25,Drew,Davis,Creative,Primacy Contractor
TechCorp,TechCorp Site Maintenance 2025,On-Hold,Testing,Sprint: Strategy & Ops,Progress & Risk Management,Content Migration 5,Designer,5.95,743.75,4.36,545.0,436.00000000000006,125,100,Work on documentation,1/21/25,Jordan,Williams,Technology,Primacy Staff
TechCorp,TechCorp Site Maintenance 2025,In-Progress,Development,UI Development,Site Updates,Developer 5,Designer,1.1,192.50000000000003,0.94,164.5,75.19999999999999,175,80,Work on development,1/21/25,Drew,Jones,Project Management,Primacy Staff
EduSystems,EduSystems Site Maintenance 2025,In-Progress,Planning,Sprint: Strategy & Ops,Baseline,Content Migration 6,Developer,11.76,1470.0,6.71,838.75,671.0,125,100,Work on development,1/22/25,Jordan,Williams,Technology,Primacy Staff
HealthNet,HealthNet Site Maintenance 2025,On-Hold,Planning,Site Updates,Site Updates,Designer 4,PM - Tech,5.68,1136.0,3.33,666.0,416.25,200,125,Work on updates,1/22/25,Drew,Williams,Creative,Primacy Contractor
RetailPro,RetailPro Site Maintenance 2025,In-Progress,Development,Content Migration,Baseline,Content Migration 6,Developer,4.07,712.25,3.69,645.75,369.0,175,100,Work on review,1/22/25,Jordan,Williams,Technology,Primacy Staff
EduSystems,EduSystems Site Maintenance 2025,In-Progress,Deployment,UI Development,Site Updates,Content Migration 6,Content Migration,7.7,1347.5,1.99,348.25,248.75,175,125,Work on testing,1/22/25,Drew,Garcia,Project Management,Primacy Contractor
TechCorp,TechCorp Site Maintenance 2025,In-Progress,Planning,Content Migration,Progress & Risk Management,Developer 3,Content Migration,11.76,1764.0,4.82,723.0,482.0,150,100,Work on documentation,1/22/25,Casey,Jones,Technology,Primacy Contractor
EduSystems,EduSystems Site Maintenance 2025,On-Hold,Development,Sprint: Strategy & Ops,Progress & Risk Management,Designer 4,Content Migration,11.5,1725.0,0.52,78.0,65.0,150,125,Work on development,1/23/25,Casey,Miller,Growth Architects,Primacy Contractor
FinanceFirst,FinanceFirst Site Maintenance 2025,On-Hold,Deployment,Sprint: Strategy & Ops,Baseline,Designer 5,PM - Tech,3.34,668.0,3.32,664.0,415.0,200,125,Work on updates,1/23/25,Jordan,Williams,Technology,Primacy Staff
FinanceFirst,FinanceFirst Site Maintenance 2025,Completed,Deployment,Content Migration,Site Updates,Developer 5,Developer,9.81,1226.25,4.23,528.75,338.40000000000003,125,80,Work on development,1/23/25,Drew,Davis,Creative,Primacy Contractor
HealthNet,HealthNet Site Maintenance 2025,Completed,Planning,Site Updates,Baseline,Developer 3,Designer,1.72,258.0,0.82,122.99999999999999,82.0,150,100,Work on testing,1/23/25,Alex,Johnson,Technology,Primacy Staff
HealthNet,HealthNet Site Maintenance 2025,On-Hold,Development,Sprint: Strategy & Ops,Progress & Risk Management,Content Migration 5,Developer,3.1,620.0,1.71,342.0,213.75,200,125,Work on development,1/23/25,Alex,Garcia,Creative,Primacy Staff
RetailPro,RetailPro Site Maintenance 2025,On-Hold,Development,UI Development,Site Updates,Developer 4,Designer,2.75,412.5,2.15,322.5,172.0,150,80,Work on testing,1/23/25,Drew,Davis,Technology,Primacy Staff
TechCorp,TechCorp Site Maintenance 2025,In-Progress,Testing,Content Migration,Progress & Risk Management,Designer 5,Developer,2.76,413.99999999999994,1.29,193.5,103.2,150,80,Work on development,1/23/25,Drew,Garcia,Project Management,Primacy Contractor
HealthNet,HealthNet Site Maintenance 2025,Completed,Planning,Content Migration,Progress & Risk Management,PM - Tech 4,PM,7.59,948.75,5.57,696.25,696.25,125,125,Work on development,1/24/25,Jordan,Williams,Technology,Primacy Staff
TechCorp,TechCorp Site Maintenance 2025,In-Progress,Deployment,Content Migration,Site Updates,Designer 3,Developer,6.13,1072.75,2.44,427.0,244.0,175,100,Work on review,1/24/25,Pat,Williams,Growth Architects,Primacy Contractor
HealthNet,HealthNet Site Maintenance 2025,In-Progress,Development,Sprint: Strategy & Ops,Baseline,PM - Tech 3,PM,4.27,533.75,2.11,263.75,263.75,125,125,Work on testing,1/24/25,Casey,Jones,Technology,Primacy Contractor
FinanceFirst,FinanceFirst Site Maintenance 2025,In-Progress,Development,Content Migration,Progress & Risk Management,PM - Tech 3,PM,7.86,1375.5,3.35,586.25,335.0,175,100,Work on development,1/24/25,Drew,Jones,Technology,Primacy Staff
RetailPro,RetailPro Site Maintenance 2025,Completed,Testing,Content Migration,Baseline,Content Migration 7,PM - Tech,8.68,1736.0,3.24,648.0,324.0,200,100,Work on review,1/24/25,Casey,Miller,Growth Architects,Primacy Contractor
EduSystems,EduSystems Site Maintenance 2025,On-Hold,Development,UI Development,Site Updates,Developer 5,Content Migration,7.45,1303.75,2.75,481.25,275.0,175,100,Work on documentation,1/25/25,Drew,Jones,Technology,Primacy Staff
TechCorp,TechCorp Site Maintenance 2025,On-Hold,Development,Site Updates,Progress & Risk Management,PM - Tech 5,PM,8.78,1097.5,5.46,682.5,546.0,125,100,Work on development,1/25/25,Taylor,Miller,Creative,Primacy Contractor
TechCorp,TechCorp Site Maintenance 2025,Completed,Planning,Sprint: Strategy & Ops,Site Updates,Content Migration 6,Developer,7.32,915.0,0.65,81.25,52.0,125,80,Work on development,1/25/25,Casey,Miller,Growth Architects,Primacy Contractor
TechCorp,TechCorp Site Maintenance 2025,On-Hold,Testing,Site Updates,Baseline,Content Migration 6,Content Migration,8.54,1280.9999999999998,5.88,882.0,735.0,150,125,Work on documentation,1/25/25,Drew,Garcia,Project Management,Primacy Contractor
EduSystems,EduSystems Site Maintenance 2025,On-Hold,Testing,Site Updates,Site Updates,Content Migration 5,Designer,9.87,1233.75,1.87,233.75,233.75,125,125,Work on updates,1/25/25,Drew,Jones,Technology,Primacy Staff
RetailPro,RetailPro Site Maintenance 2025,Completed,Planning,UI Development,Site Updates,Developer 3,Content Migration,1.5,225.0,1.1,165.0,88.0,150,80,Work on updates,1/25/25,Drew,Jones,Project Management,Primacy Staff
FinanceFirst,FinanceFirst Site Maintenance 2025,Completed,Testing,Site Updates,Site Updates,Content Migration 5,Designer,8.64,1296.0,2.38,357.0,190.39999999999998,150,80,Work on testing,1/25/25,Casey,Miller,Growth Architects,Primacy Contractor
TechCorp,TechCorp Site Maintenance 2025,Completed,Planning,UI Development,Baseline,Designer 3,PM - Tech,2.85,427.5,2.12,318.0,265.0,150,125,Work on updates,1/26/25,Casey,Brown,Project Management,Primacy Contractor
RetailPro,RetailPro Site Maintenance 2025,Completed,Testing,Content Migration,Site Updates,Content Migration 6,Developer,1.34,167.5,1.27,158.75,101.6,125,80,Work on development,1/26/25,Alex,Johnson,Technology,Primacy Staff
RetailPro,RetailPro Site Maintenance 2025,In-Progress,Testing,Sprint: Strategy & Ops,Progress & Risk Management,PM - Tech 5,PM,9.43,1178.75,3.52,440.0,281.6,125,80,Work on documentation,1/26/25,Drew,Garcia,Project Management,Primacy Contractor
FinanceFirst,FinanceFirst Site Maintenance 2025,On-Hold,Testing,Site Updates,Site Updates,PM - Tech 4,PM,9.74,1948.0,8.03,1605.9999999999998,642.4,200,80,Work on review,1/26/25,Jordan,Williams,Technology,Primacy Staff
HealthNet,HealthNet Site Maintenance 2025,In-Progress,Deployment,Content Migration,Site Updates,PM - Tech 4,PM,5.33,799.5,1.24,186.0,155.0,150,125,Work on updates,1/27/25,Jordan,Williams,Technology,Primacy Staff
HealthNet,HealthNet Site Maintenance 2025,Completed,Deployment,Content Migration,Site Updates,PM - Tech 5,PM,2.19,383.25,0.39,68.25,31.200000000000003,175,80,Work on updates,1/27/25,Casey,Miller,Growth Architects,Primacy Contractor
EduSystems,EduSystems Site Maintenance 2025,Completed,Deployment,Site Updates,Progress & Risk Management,Designer 3,Content Migration,4.65,930.0000000000001,3.42,684.0,273.6,200,80,Work on review,1/27/25,Casey,Brown,Project Management,Primacy Contractor
RetailPro,RetailPro Site Maintenance 2025,In-Progress,Planning,Sprint: Strategy & Ops,Progress & Risk Management,Designer 5,Developer,5.59,1118.0,2.05,409.99999999999994,204.99999999999997,200,100,Work on updates,1/27/25,Drew,Jones,Technology,Primacy Staff
EduSystems,EduSystems Site Maintenance 2025,On-Hold,Planning,Sprint: Strategy & Ops,Site Updates,Developer 5,Developer,2.08,416.0,1.54,308.0,192.5,200,125,Work on testing,1/27/25,Alex,Johnson,Technology,Primacy Staff
HealthNet,HealthNet Site Maintenance 2025,On-Hold,Deployment,Sprint: Strategy & Ops,Progress & Risk Management,Designer 3,Designer,4.3,860.0,4.27,853.9999999999999,341.59999999999997,200,80,Work on documentation,1/28/25,Casey,Miller,Growth Architects,Primacy Contractor
EduSystems,EduSystems Site Maintenance 2025,On-Hold,Deployment,Site Updates,Progress & Risk Management,Content Migration 7,PM - Tech,1.31,163.75,0.7,87.5,56.0,125,80,Work on development,1/28/25,Taylor,Miller,Creative,Primacy Contractor
EduSystems,EduSystems Site Maintenance 2025,On-Hold,Deployment,UI Development,Progress & Risk Management,PM - Tech 3,PM,1.52,266.0,0.65,113.75,65.0,175,100,Work on development,1/28/25,Drew,Williams,Creative,Primacy Contractor
EduSystems,EduSystems Site Maintenance 2025,On-Hold,Development,Content Migration,Baseline,PM - Tech 5,PM,0.92,161.0,0.48,84.0,38.4,175,80,Work on review,1/28/25,Morgan,Miller,Creative,Primacy Staff
TechCorp,TechCorp Site Maintenance 2025,In-Progress,Deployment,Site Updates,Progress & Risk Management,Content Migration 5,PM - Tech,4.79,718.5,4.7,705.0,470.0,150,100,Work on updates,1/29/25,Alex,Garcia,Creative,Primacy Staff
EduSystems,EduSystems Site Maintenance 2025,Completed,Development,UI Development,Site Updates,PM - Tech 5,PM,8.67,1083.75,6.4,800.0,800.0,125,125,Work on updates,1/29/25,Drew,Garcia,Growth Architects,Primacy Contractor
TechCorp,TechCorp Site Maintenance 2025,On-Hold,Deployment,Sprint: Strategy & Ops,Progress & Risk Management,Developer 5,PM - Tech,6.54,981.0,3.95,592.5,395.0,150,100,Work on development,1/29/25,Casey,Miller,Growth Architects,Primacy Contractor
FinanceFirst,FinanceFirst Site Maintenance 2025,In-Progress,Planning,Content Migration,Site Updates,Content Migration 7,Designer,5.73,1002.7500000000001,5.72,1001.0,715.0,175,125,Work on updates,1/29/25,Drew,Garcia,Project Management,Primacy Contractor
TechCorp,TechCorp Site Maintenance 2025,In-Progress,Testing,Sprint: Strategy & Ops,Baseline,Designer 5,PM - Tech,5.41,676.25,4.94,617.5,395.20000000000005,125,80,Work on updates,1/29/25,Drew,Jones,Technology,Primacy Staff
HealthNet,HealthNet Site Maintenance 2025,In-Progress,Development,Site Updates,Site Updates,PM - Tech 5,PM,11.14,1949.5,2.16,378.0,172.8,175,80,Work on review,1/29/25,Jordan,Williams,Technology,Primacy Staff
HealthNet,HealthNet Site Maintenance 2025,Completed,Testing,Content Migration,Site Updates,Designer 4,Developer,6.36,1272.0,1.26,252.0,126.0,200,100,Work on development,1/29/25,Drew,Jones,Project Management,Primacy Staff
FinanceFirst,FinanceFirst Site Maintenance 2025,In-Progress,Testing,Sprint: Strategy & Ops,Baseline,Content Migration 5,Content Migration,2.18,272.5,0.61,76.25,76.25,125,125,Work on development,1/30/25,Morgan,Miller,Creative,Primacy Staff
EduSystems,EduSystems Site Maintenance 2025,Completed,Planning,Content Migration,Site Updates,Designer 4,Content Migration,9.03,1580.25,8.84,1547.0,707.2,175,80,Work on review,1/30/25,Alex,Garcia,Creative,Primacy Staff
FinanceFirst,FinanceFirst Site Maintenance 2025,On-Hold,Planning,Content Migration,Site Updates,Content Migration 7,Designer,2.48,496.0,2.44,488.0,195.2,200,80,Work on testing,1/30/25,Drew,Jones,Technology,Primacy Staff
HealthNet,HealthNet Site Maintenance 2025,On-Hold,Testing,UI Development,Site Updates,Content Migration 6,Designer,8.92,1338.0,8.53,1279.5,682.4,150,80,Work on documentation,1/30/25,Jordan,Smith,Growth Architects,Primacy Contractor
HealthNet,HealthNet Site Maintenance 2025,On-Hold,Development,Content Migration,Baseline,Designer 4,Content Migration,8.86,1329.0,8.38,1257.0000000000002,838.0000000000001,150,100,Work on documentation,1/30/25,Casey,Jones,Technology,Primacy Contractor
HealthNet,HealthNet Site Maintenance 2025,Completed,Deployment,Sprint: Strategy & Ops,Baseline,Designer 5,PM - Tech,1.0,150.0,0.67,100.5,67.0,150,100,Work on documentation,1/30/25,Jordan,Williams,Technology,Primacy Staff
HealthNet,HealthNet Site Maintenance 2025,Completed,Planning,Sprint: Strategy & Ops,Progress & Risk Management,Content Migration 7,PM - Tech,2.34,351.0,1.8,270.0,225.0,150,125,Work on review,1/30/25,Jordan,Williams,Technology,Primacy Staff
EduSystems,EduSystems Site Maintenance 2025,Completed,Deployment,Content Migration,Baseline,Developer 5,PM - Tech,2.41,301.25,0.9,112.5,112.5,125,125,Work on testing,1/30/25,Pat,Williams,Growth Architects,Primacy Contractor
EduSystems,EduSystems Site Maintenance 2025,In-Progress,Development,Site Updates,Site Updates,Designer 4,Designer,7.35,1286.25,1.09,190.75,109.00000000000001,175,100,Work on development,1/31/25,Drew,Williams,Creative,Primacy Contractor
TechCorp,TechCorp Site Maintenance 2025,On-Hold,Planning,Content Migration,Progress & Risk Management,PM - Tech 5,PM,10.38,1297.5,1.26,157.5,157.5,125,125,Work on updates,1/31/25,Taylor,Miller,Creative,Primacy Contractor
HealthNet,HealthNet Site Maintenance 2025,Completed,Deployment,Content Migration,Baseline,PM - Tech 5,PM,5.72,858.0,0.72,108.0,90.0,150,125,Work on development,1/31/25,Taylor,Miller,Creative,Primacy Contractor
FinanceFirst,FinanceFirst Site Maintenance 2025,On-Hold,Development,Site Updates,Site Updates,PM - Tech 4,PM,4.4,770.0000000000001,1.61,281.75,161.0,175,100,Work on development,2/1/25,Jordan,Williams,Technology,Primacy Staff
TechCorp,TechCorp Site Maintenance 2025,In-Progress,Planning,Content Migration,Progress & Risk Management,Developer 3,Content Migration,4.02,803.9999999999999,1.7,340.0,170.0,200,100,Work on updates,2/1/25,Drew,Davis,Creative,Primacy Contractor
HealthNet,HealthNet Site Maintenance 2025,Completed,Testing,Content Migration,Progress & Risk Management,Content Migration 6,PM - Tech,6.27,940.4999999999999,0.61,91.5,61.0,150,100,Work on updates,2/1/25,Drew,Davis,Creative,Primacy Contractor
RetailPro,RetailPro Site Maintenance 2025,On-Hold,Planning,Content Migration,Site Updates,PM - Tech 5,PM,3.02,604.0,1.47,294.0,183.75,200,125,Work on review,2/1/25,Casey,Jones,Technology,Primacy Contractor
TechCorp,TechCorp Site Maintenance 2025,In-Progress,Testing,UI Development,Site Updates,Developer 3,Designer,4.67,700.5,3.73,559.5,373.0,150,100,Work on testing,2/1/25,Jordan,Smith,Growth Architects,Primacy Contractor
TechCorp,TechCorp Site Maintenance 2025,Completed,Planning,UI Development,Progress & Risk Management,Designer 3,Designer,8.38,1257.0000000000002,3.55,532.5,355.0,150,100,Work on documentation,2/1/25,Drew,Davis,Creative,Primacy Contractor
EduSystems,EduSystems Site Maintenance 2025,In-Progress,Deployment,Site Updates,Site Updates,PM - Tech 4,PM,2.07,258.75,1.54,192.5,123.2,125,80,Work on testing,2/1/25,Drew,Davis,Creative,Primacy Contractor
RetailPro,RetailPro Site Maintenance 2025,In-Progress,Planning,Content Migration,Site Updates,Designer 3,Designer,0.77,96.25,0.73,91.25,91.25,125,125,Work on testing,2/2/25,Jordan,Smith,Growth Architects,Primacy Contractor
RetailPro,RetailPro Site Maintenance 2025,On-Hold,Planning,Sprint: Strategy & Ops,Site Updates,Developer 3,Designer,1.57,235.5,0.73,109.5,58.4,150,80,Work on updates,2/2/25,Drew,Davis,Creative,Primacy Contractor
RetailPro,RetailPro Site Maintenance 2025,On-Hold,Development,Content Migration,Progress & Risk Management,Content Migration 6,Developer,7.31,1279.25,1.08,189.0,135.0,175,125,Work on review,2/2/25,Drew,Jones,Technology,Primacy Staff
FinanceFirst,FinanceFirst Site Maintenance 2025,In-Progress,Testing,Content Migration,Site Updates,PM - Tech 4,PM,11.97,1795.5,11.74,1761.0,1174.0,150,100,Work on review,2/2/25,Drew,Williams,Creative,Primacy Contractor
TechCorp,TechCorp Site Maintenance 2025,Completed,Deployment,UI Development,Progress & Risk Management,Content Migration 5,PM - Tech,1.43,178.75,1.34,167.5,167.5,125,125,Work on development,2/3/25,Casey,Jones,Technology,Primacy Contractor
TechCorp,TechCorp Site Maintenance 2025,Completed,Deployment,Content Migration,Progress & Risk Management,PM - Tech 4,PM,3.86,579.0,3.31,496.5,331.0,150,100,Work on documentation,2/3/25,Jordan,Williams,Technology,Primacy Staff
HealthNet,HealthNet Site Maintenance 2025,Completed,Testing,Content Migration,Site Updates,Designer 4,Designer,6.88,860.0,5.07,633.75,405.6,125,80,Work on review,2/3/25,Taylor,Miller,Creative,Primacy Contractor
HealthNet,HealthNet Site Maintenance 2025,Completed,Deployment,UI Development,Baseline,PM - Tech 4,PM,2.09,365.75,1.06,185.5,84.80000000000001,175,80,Work on updates,2/3/25,Drew,Jones,Technology,Primacy Staff
TechCorp,TechCorp Site Maintenance 2025,Completed,Planning,UI Development,Baseline,Content Migration 6,Designer,7.51,938.75,2.74,342.5,274.0,125,100,Work on testing,2/3/25,Alex,Garcia,Creative,Primacy Staff
FinanceFirst,FinanceFirst Site Maintenance 2025,In-Progress,Testing,Site Updates,Baseline,Designer 3,PM - Tech,11.8,2065.0,6.85,1198.75,856.25,175,125,Work on updates,2/3/25,Taylor,Miller,Creative,Primacy Contractor
EduSystems,EduSystems Site Maintenance 2025,In-Progress,Planning,Sprint: Strategy & Ops,Site Updates,Designer 5,Content Migration,1.49,260.75,0.83,145.25,83.0,175,100,Work on updates,2/3/25,Taylor,Miller,Creative,Primacy Contractor
RetailPro,RetailPro Site Maintenance 2025,In-Progress,Testing,Content Migration,Baseline,Designer 3,PM - Tech,0.52,78.0,0.49,73.5,49.0,150,100,Work on testing,2/3/25,Casey,Miller,Growth Architects,Primacy Contractor
EduSystems,EduSystems Site Maintenance 2025,On-Hold,Development,Site Updates,Baseline,Designer 3,PM - Tech,4.44,555.0,0.34,42.5,42.5,125,125,Work on review,2/4/25,Morgan,Miller,Creative,Primacy Staff
RetailPro,RetailPro Site Maintenance 2025,On-Hold,Testing,Site Updates,Baseline,Developer 3,Content Migration,1.38,276.0,1.32,264.0,105.60000000000001,200,80,Work on testing,2/4/25,Alex,Garcia,Creative,Primacy Staff
TechCorp,TechCorp Site Maintenance 2025,In-Progress,Planning,Site Updates,Baseline,PM - Tech 5,PM,0.62,124.0,0.32,64.0,40.0,200,125,Work on documentation,2/4/25,Casey,Jones,Technology,Primacy Contractor
FinanceFirst,FinanceFirst Site Maintenance 2025,In-Progress,Testing,Site Updates,Baseline,Designer 5,PM - Tech,5.93,1186.0,4.97,994.0,497.0,200,100,Work on development,2/4/25,Drew,Garcia,Project Management,Primacy Contractor
EduSystems,EduSystems Site Maintenance 2025,In-Progress,Testing,Site Updates,Baseline,PM - Tech 3,PM,6.89,861.25,3.62,452.5,289.6,125,80,Work on development,2/4/25,Pat,Williams,Growth Architects,Primacy Contractor
TechCorp,TechCorp Site Maintenance 2025,On-Hold,Testing,Sprint: Strategy & Ops,Site Updates,Designer 4,Content Migration,7.45,1490.0,3.28,656.0,328.0,200,100,Work on review,2/5/25,Jordan,Williams,Technology,Primacy Staff
TechCorp,TechCorp Site Maintenance 2025,Completed,Planning,Sprint: Strategy & Ops,Progress & Risk Management,Designer 4,Developer,4.5,900.0,0.44,88.0,55.0,200,125,Work on review,2/5/25,Drew,Williams,Creative,Primacy Contractor
FinanceFirst,FinanceFirst Site Maintenance 2025,In-Progress,Deployment,UI Development,Baseline,Designer 4,PM - Tech,3.39,508.5,0.8,120.0,64.0,150,80,Work on testing,2/5/25,Pat,Williams,Growth Architects,Primacy Contractor
HealthNet,HealthNet Site Maintenance 2025,In-Progress,Development,UI Development,Baseline,PM - Tech 3,PM,10.86,1357.5,4.2,525.0,336.0,125,80,Work on updates,2/5/25,Drew,Jones,Project Management,Primacy Staff
FinanceFirst,FinanceFirst Site Maintenance 2025,Completed,Testing,Site Updates,Baseline,Content Migration 5,Content Migration,9.53,1905.9999999999998,1.49,298.0,186.25,200,125,Work on testing,2/5/25,Drew,Williams,Creative,Primacy Contractor
RetailPro,RetailPro Site Maintenance 2025,Completed,Testing,Content Migration,Progress & Risk Management,Designer 4,Content Migration,11.22,1683.0,6.44,966.0000000000001,644.0,150,100,Work on updates,2/5/25,Drew,Davis,Technology,Primacy Staff
TechCorp,TechCorp Site Maintenance 2025,Completed,Development,Sprint: Strategy & Ops,Progress & Risk Management,PM - Tech 4,PM,11.07,1383.75,2.6,325.0,260.0,125,100,Work on review,2/5/25,Alex,Garcia,Creative,Primacy Staff
HealthNet,HealthNet Site Maintenance 2025,On-Hold,Testing,Sprint: Strategy & Ops,Progress & Risk Management,Content Migration 6,Developer,6.78,847.5,1.63,203.75,163.0,125,100,Work on updates,2/6/25,Casey,Miller,Growth Architects,Primacy Contractor
TechCorp,TechCorp Site Maintenance 2025,On-Hold,Deployment,Site Updates,Site Updates,Designer 5,Developer,11.84,2072.0,5.56,972.9999999999999,695.0,175,125,Work on review,2/6/25,Drew,Jones,Project Management,Primacy Staff
FinanceFirst,FinanceFirst Site Maintenance 2025,Completed,Development,Site Updates,Site Updates,Content Migration 5,Developer,9.87,1727.2499999999998,6.55,1146.25,818.75,175,125,Work on review,2/6/25,Drew,Jones,Project Management,Primacy Staff
FinanceFirst,FinanceFirst Site Maintenance 2025,Completed,Deployment,Content Migration,Baseline,Developer 5,Developer,4.39,548.75,0.61,76.25,61.0,125,100,Work on testing,2/6/25,Taylor,Miller,Creative,Primacy Contractor
TechCorp,TechCorp Site Maintenance 2025,In-Progress,Deployment,Content Migration,Site Updates,Designer 3,Designer,2.03,405.99999999999994,1.6,320.0,128.0,200,80,Work on development,2/6/25,Jordan,Smith,Growth Architects,Primacy Contractor
RetailPro,RetailPro Site Maintenance 2025,On-Hold,Testing,Content Migration,Baseline,Developer 5,PM - Tech,9.55,1432.5,4.23,634.5000000000001,338.40000000000003,150,80,Work on testing,2/6/25,Drew,Jones,Technology,Primacy Staff
EduSystems,EduSystems Site Maintenance 2025,Completed,Planning,UI Development,Site Updates,Developer 4,Content Migration,2.71,542.0,0.97,194.0,121.25,200,125,Work on updates,2/7/25,Alex,Garcia,Creative,Primacy Staff
HealthNet,HealthNet Site Maintenance 2025,In-Progress,Development,Site Updates,Site Updates,PM - Tech 3,PM,8.35,1252.5,6.49,973.5,649.0,150,100,Work on testing,2/7/25,Drew,Garcia,Growth Architects,Primacy Contractor
FinanceFirst,FinanceFirst Site Maintenance 2025,On-Hold,Planning,UI Development,Baseline,PM - Tech 3,PM,7.55,1510.0,6.69,1338.0,836.25,200,125,Work on updates,2/7/25,Casey,Miller,Growth Architects,Primacy Contractor
RetailPro,RetailPro Site Maintenance 2025,In-Progress,Development,UI Development,Site Updates,Designer 4,Designer,8.34,1042.5,8.0,1000.0,800.0,125,100,Work on updates,2/7/25,Casey,Jones,Technology,Primacy Contractor
RetailPro,RetailPro Site Maintenance 2025,In-Progress,Testing,Site Updates,Baseline,Designer 4,Designer,2.92,511.0,0.86,150.5,68.8,175,80,Work on updates,2/7/25,Alex,Garcia,Creative,Primacy Staff
EduSystems,EduSystems Site Maintenance 2025,On-Hold,Planning,UI Development,Baseline,Developer 3,Content Migration,8.57,1285.5,5.16,774.0,412.8,150,80,Work on testing,2/7/25,Drew,Jones,Technology,Primacy Staff
RetailPro,RetailPro Site Maintenance 2025,On-Hold,Testing,Content Migration,Site Updates,Developer 4,Content Migration,10.58,1322.5,4.46,557.5,356.8,125,80,Work on documentation,2/7/25,Morgan,Miller,Creative,Primacy Staff
TechCorp,TechCorp Site Maintenance 2025,In-Progress,Testing,Content Migration,Site Updates,Developer 4,Content Migration,9.88,1729.0000000000002,3.7,647.5,370.0,175,100,Work on updates,2/8/25,Jordan,Smith,Growth Architects,Primacy Contractor
HealthNet,HealthNet Site Maintenance 2025,In-Progress,Testing,Content Migration,Site Updates,Developer 5,PM - Tech,9.94,1491.0,5.24,786.0,419.20000000000005,150,80,Work on review,2/8/25,Drew,Garcia,Project Management,Primacy Contractor
TechCorp,TechCorp Site Maintenance 2025,On-Hold,Development,Content Migration,Progress & Risk Management,Developer 5,Content Migration,1.3,227.5,0.89,155.75,71.2,175,80,Work on documentation,2/8/25,Drew,Davis,Technology,Primacy Staff
EduSystems,EduSystems Site Maintenance 2025,In-Progress,Testing,Sprint: Strategy & Ops,Progress & Risk Management,Developer 3,Developer,7.4,1480.0,1.4,280.0,175.0,200,125,Work on development,2/9/25,Casey,Brown,Project Management,Primacy Contractor
EduSystems,EduSystems Site Maintenance 2025,Completed,Planning,Site Updates,Site Updates,PM - Tech 4,PM,8.48,1696.0,0.32,64.0,32.0,200,100,Work on documentation,2/9/25,Drew,Jones,Project Management,Primacy Staff
HealthNet,HealthNet Site Maintenance 2025,On-Hold,Development,Content Migration,Progress & Risk Management,Developer 3,Designer,10.56,1320.0,0.26,32.5,32.5,125,125,Work on development,2/9/25,Casey,Brown,Project Management,Primacy Contractor
HealthNet,HealthNet Site Maintenance 2025,Completed,Testing,Sprint: Strategy & Ops,Baseline,PM - Tech 5,PM,9.5,1187.5,9.2,1150.0,736.0,125,80,Work on documentation,2/9/25,Drew,Jones,Project Management,Primacy Staff
HealthNet,HealthNet Site Maintenance 2025,In-Progress,Development,Sprint: Strategy & Ops,Baseline,PM - Tech 5,PM,8.58,1501.5,5.14,899.5,514.0,175,100,Work on documentation,2/9/25,Drew,Davis,Technology,Primacy Staff
HealthNet,HealthNet Site Maintenance 2025,On-Hold,Planning,Content Migration,Site Updates,Designer 3,PM - Tech,10.65,1331.25,2.62,327.5,209.60000000000002,125,80,Work on updates,2/9/25,Alex,Garcia,Creative,Primacy Staff
HealthNet,HealthNet Site Maintenance 2025,On-Hold,Testing,Content Migration,Site Updates,PM - Tech 5,PM,6.99,1223.25,1.41,246.75,176.25,175,125,Work on testing,2/10/25,Drew,Davis,Technology,Primacy Staff
RetailPro,RetailPro Site Maintenance 2025,On-Hold,Testing,Site Updates,Progress & Risk Management,Developer 5,Developer,5.62,983.5,4.97,869.75,621.25,175,125,Work on development,2/10/25,Drew,Garcia,Growth Architects,Primacy Contractor
RetailPro,RetailPro Site Maintenance 2025,Completed,Development,Content Migration,Site Updates,PM - Tech 3,PM,11.32,1415.0,3.1,387.5,387.5,125,125,Work on development,2/10/25,Drew,Jones,Technology,Primacy Staff
FinanceFirst,FinanceFirst Site Maintenance 2025,In-Progress,Testing,Content Migration,Progress & Risk Management,Developer 3,Developer,5.95,743.75,2.94,367.5,294.0,125,100,Work on development,2/11/25,Drew,Jones,Project Management,Primacy Staff
RetailPro,RetailPro Site Maintenance 2025,On-Hold,Testing,UI Development,Progress & Risk Management,Designer 3,Content Migration,1.88,329.0,0.5,87.5,62.5,175,125,Work on testing,2/11/25,Casey,Jones,Technology,Primacy Contractor
EduSystems,EduSystems Site Maintenance 2025,In-Progress,Development,Site Updates,Site Updates,Developer 4,Content Migration,0.68,85.0,0.57,71.25,45.599999999999994,125,80,Work on review,2/11/25,Drew,Williams,Creative,Primacy Contractor
HealthNet,HealthNet Site Maintenance 2025,Completed,Development,Site Updates,Site Updates,Developer 5,Designer,4.63,578.75,3.24,405.0,324.0,125,100,Work on development,2/12/25,Drew,Williams,Creative,Primacy Contractor
FinanceFirst,FinanceFirst Site Maintenance 2025,Completed,Development,Sprint: Strategy & Ops,Site Updates,Developer 4,PM - Tech,9.77,1954.0,0.48,96.0,60.0,200,125,Work on testing,2/12/25,Jordan,Smith,Growth Architects,Primacy Contractor
HealthNet,HealthNet Site Maintenance 2025,Completed,Testing,UI Development,Progress & Risk Management,Developer 5,Developer,4.5,675.0,0.46,69.0,46.0,150,100,Work on updates,2/12/25,Casey,Jones,Technology,Primacy Contractor
TechCorp,TechCorp Site Maintenance 2025,On-Hold,Deployment,Sprint: Strategy & Ops,Site Updates,Developer 5,PM - Tech,8.64,1080.0,7.84,980.0,980.0,125,125,Work on testing,2/12/25,Drew,Jones,Technology,Primacy Staff
TechCorp,TechCorp Site Maintenance 2025,On-Hold,Planning,Site Updates,Site Updates,Content Migration 6,Content Migration,11.67,1458.75,11.67,1458.75,933.6,125,80,Work on development,2/13/25,Pat,Williams,Growth Architects,Primacy Contractor
HealthNet,HealthNet Site Maintenance 2025,On-Hold,Development,Sprint: Strategy & Ops,Progress & Risk Management,Developer 4,PM - Tech,8.43,1264.5,0.8,120.0,100.0,150,125,Work on testing,2/13/25,Taylor,Miller,Creative,Primacy Contractor
HealthNet,HealthNet Site Maintenance 2025,On-Hold,Planning,Site Updates,Site Updates,Developer 5,Content Migration,8.98,1347.0,1.09,163.5,109.00000000000001,150,100,Work on documentation,2/13/25,Pat,Williams,Growth Architects,Primacy Contractor
TechCorp,TechCorp Site Maintenance 2025,Completed,Development,Site Updates,Baseline,Developer 5,PM - Tech,1.28,192.0,1.21,181.5,121.0,150,100,Work on review,2/13/25,Taylor,Miller,Creative,Primacy Contractor
RetailPro,RetailPro Site Maintenance 2025,In-Progress,Testing,Sprint: Strategy & Ops,Baseline,Developer 5,Developer,2.77,554.0,1.51,302.0,151.0,200,100,Work on updates,2/13/25,Drew,Jones,Project Management,Primacy Staff
TechCorp,TechCorp Site Maintenance 2025,In-Progress,Testing,Site Updates,Progress & Risk Management,Content Migration 7,Designer,9.0,1575.0,2.57,449.75,321.25,175,125,Work on review,2/13/25,Drew,Garcia,Growth Architects,Primacy Contractor
HealthNet,HealthNet Site Maintenance 2025,In-Progress,Development,UI Development,Site Updates,Content Migration 7,PM - Tech,9.58,1437.0,8.94,1341.0,1117.5,150,125,Work on testing,2/14/25,Drew,Jones,Technology,Primacy Staff
TechCorp,TechCorp Site Maintenance 2025,On-Hold,Testing,Sprint: Strategy & Ops,Site Updates,PM - Tech 4,PM,10.68,1869.0,9.39,1643.25,939.0,175,100,Work on development,2/14/25,Casey,Jones,Technology,Primacy Contractor
EduSystems,EduSystems Site Maintenance 2025,Completed,Development,Sprint: Strategy & Ops,Baseline,Developer 3,Designer,4.0,600.0,1.54,231.0,154.0,150,100,Work on updates,2/14/25,Drew,Williams,Creative,Primacy Contractor
HealthNet,HealthNet Site Maintenance 2025,Completed,Testing,Site Updates,Site Updates,Content Migration 7,Designer,0.94,188.0,0.7,140.0,56.0,200,80,Work on updates,2/14/25,Casey,Miller,Growth Architects,Primacy Contractor
FinanceFirst,FinanceFirst Site Maintenance 2025,Completed,Deployment,Site Updates,Site Updates,Content Migration 6,Content Migration,10.54,1844.4999999999998,2.35,411.25,235.0,175,100,Work on review,2/14/25,Casey,Jones,Technology,Primacy Contractor
FinanceFirst,FinanceFirst Site Maintenance 2025,In-Progress,Development,Sprint: Strategy & Ops,Baseline,Content Migration 7,Designer,11.7,2340.0,4.72,944.0,590.0,200,125,Work on testing,2/14/25,Drew,Davis,Technology,Primacy Staff
FinanceFirst,FinanceFirst Site Maintenance 2025,Completed,Planning,Content Migration,Site Updates,Developer 4,Designer,3.48,609.0,0.46,80.5,36.800000000000004,175,80,Work on documentation,2/15/25,Morgan,Miller,Creative,Primacy Staff
TechCorp,TechCorp Site Maintenance 2025,On-Hold,Deployment,Site Updates,Progress & Risk Management,Content Migration 6,Content Migration,8.83,1324.5,1.0,150.0,100.0,150,100,Work on testing,2/15/25,Morgan,Miller,Creative,Primacy Staff
EduSystems,EduSystems Site Maintenance 2025,On-Hold,Testing,Content Migration,Site Updates,Content Migration 7,Designer,2.09,418.0,0.29,57.99999999999999,36.25,200,125,Work on review,2/15/25,Morgan,Miller,Creative,Primacy Staff
FinanceFirst,FinanceFirst Site Maintenance 2025,In-Progress,Testing,Site Updates,Site Updates,Designer 5,Content Migration,7.72,1158.0,3.0,450.0,300.0,150,100,Work on review,2/15/25,Drew,Davis,Technology,Primacy Staff
RetailPro,RetailPro Site Maintenance 2025,In-Progress,Planning,Site Updates,Progress & Risk Management,Developer 5,Developer,7.57,946.25,5.58,697.5,446.4,125,80,Work on development,2/15/25,Alex,Johnson,Technology,Primacy Staff
RetailPro,RetailPro Site Maintenance 2025,In-Progress,Planning,Content Migration,Site Updates,Designer 5,Content Migration,0.97,169.75,0.86,150.5,107.5,175,125,Work on development,2/15/25,Drew,Davis,Technology,Primacy Staff
RetailPro,RetailPro Site Maintenance 2025,On-Hold,Planning,Sprint: Strategy & Ops,Baseline,PM - Tech 3,PM,1.64,287.0,0.4,70.0,32.0,175,80,Work on testing,2/15/25,Morgan,Miller,Creative,Primacy Staff
TechCorp,TechCorp Site Maintenance 2025,In-Progress,Development,Content Migration,Site Updates,Content Migration 5,Content Migration,2.05,307.5,1.46,219.0,146.0,150,100,Work on documentation,2/16/25,Drew,Garcia,Growth Architects,Primacy Contractor
FinanceFirst,FinanceFirst Site Maintenance 2025,In-Progress,Development,Content Migration,Baseline,Developer 5,PM - Tech,6.99,1048.5,2.87,430.5,229.60000000000002,150,80,Work on development,2/16/25,Drew,Jones,Project Management,Primacy Staff
HealthNet,HealthNet Site Maintenance 2025,In-Progress,Deployment,UI Development,Site Updates,Designer 4,Designer,7.43,1114.5,1.36,204.00000000000003,170.0,150,125,Work on review,2/16/25,Taylor,Miller,Creative,Primacy Contractor
HealthNet,HealthNet Site Maintenance 2025,On-Hold,Testing,UI Development,Progress & Risk Management,Developer 5,Content Migration,8.86,1329.0,5.04,756.0,504.0,150,100,Work on testing,2/17/25,Jordan,Williams,Technology,Primacy Staff
FinanceFirst,FinanceFirst Site Maintenance 2025,In-Progress,Testing,Site Updates,Baseline,Content Migration 6,Designer,9.28,1392.0,6.68,1002.0,668.0,150,100,Work on testing,2/17/25,Taylor,Miller,Creative,Primacy Contractor
FinanceFirst,FinanceFirst Site Maintenance 2025,In-Progress,Development,UI Development,Baseline,Developer 3,Designer,11.36,1988.0,4.53,792.75,566.25,175,125,Work on testing,2/17/25,Drew,Davis,Technology,Primacy Staff
TechCorp,TechCorp Site Maintenance 2025,On-Hold,Planning,Sprint: Strategy & Ops,Site Updates,Developer 4,Content Migration,10.68,1602.0,9.88,1482.0000000000002,1235.0,150,125,Work on testing,2/17/25,Pat,Williams,Growth Architects,Primacy Contractor
EduSystems,EduSystems Site Maintenance 2025,Completed,Deployment,Site Updates,Baseline,Developer 5,PM - Tech,4.71,942.0,4.53,906.0,362.40000000000003,200,80,Work on testing,2/17/25,Drew,Jones,Technology,Primacy Staff
HealthNet,HealthNet Site Maintenance 2025,In-Progress,Development,Sprint: Strategy & Ops,Progress & Risk Management,Content Migration 5,Designer,11.96,2093.0,7.59,1328.25,759.0,175,100,Work on updates,2/17/25,Jordan,Smith,Growth Architects,Primacy Contractor
EduSystems,EduSystems Site Maintenance 2025,On-Hold,Planning,Site Updates,Progress & Risk Management,Developer 5,Content Migration,9.25,1387.5,7.0,1050.0,700.0,150,100,Work on development,2/17/25,Jordan,Smith,Growth Architects,Primacy Contractor
FinanceFirst,FinanceFirst Site Maintenance 2025,On-Hold,Development,Content Migration,Baseline,Content Migration 7,Content Migration,5.03,628.75,2.3,287.5,184.0,125,80,Work on documentation,2/17/25,Taylor,Miller,Creative,Primacy Contractor
HealthNet,HealthNet Site Maintenance 2025,Completed,Planning,Sprint: Strategy & Ops,Site Updates,Content Migration 7,Designer,10.88,1904.0000000000002,2.94,514.5,367.5,175,125,Work on documentation,2/18/25,Drew,Jones,Project Management,Primacy Staff
FinanceFirst,FinanceFirst Site Maintenance 2025,On-Hold,Planning,Content Migration,Baseline,PM - Tech 5,PM,3.14,471.0,0.72,108.0,57.599999999999994,150,80,Work on testing,2/18/25,Jordan,Williams,Technology,Primacy Staff
FinanceFirst,FinanceFirst Site Maintenance 2025,Completed,Deployment,Content Migration,Site Updates,Developer 3,PM - Tech,1.32,198.0,0.41,61.49999999999999,32.8,150,80,Work on development,2/18/25,Drew,Jones,Project Management,Primacy Staff
RetailPro,RetailPro Site Maintenance 2025,On-Hold,Deployment,UI Development,Site Updates,Content Migration 6,Developer,7.13,891.25,1.43,178.75,143.0,125,100,Work on updates,2/18/25,Drew,Davis,Creative,Primacy Contractor
RetailPro,RetailPro Site Maintenance 2025,On-Hold,Planning,Content Migration,Progress & Risk Management,Designer 5,Developer,0.84,126.0,0.31,46.5,38.75,150,125,Work on review,2/18/25,Drew,Jones,Project Management,Primacy Staff
FinanceFirst,FinanceFirst Site Maintenance 2025,Completed,Testing,Site Updates,Site Updates,Developer 5,Content Migration,5.95,1041.25,3.45,603.75,431.25,175,125,Work on review,2/18/25,Alex,Garcia,Creative,Primacy Staff
RetailPro,RetailPro Site Maintenance 2025,In-Progress,Testing,UI Development,Progress & Risk Management,Designer 4,Designer,4.12,515.0,1.14,142.5,91.19999999999999,125,80,Work on development,2/19/25,Drew,Garcia,Project Management,Primacy Contractor
RetailPro,RetailPro Site Maintenance 2025,Completed,Testing,Sprint: Strategy & Ops,Baseline,Developer 3,Content Migration,5.01,876.75,2.77,484.75,277.0,175,100,Work on documentation,2/19/25,Drew,Williams,Creative,Primacy Contractor
TechCorp,TechCorp Site Maintenance 2025,On-Hold,Testing,Content Migration,Progress & Risk Management,PM - Tech 4,PM,7.45,1490.0,5.69,1138.0,455.20000000000005,200,80,Work on review,2/19/25,Morgan,Miller,Creative,Primacy Staff
EduSystems,EduSystems Site Maintenance 2025,Completed,Development,Content Migration,Site Updates,Designer 4,Designer,7.08,1416.0,4.05,810.0,506.25,200,125,Work on development,2/19/25,Casey,Jones,Technology,Primacy Contractor
RetailPro,RetailPro Site Maintenance 2025,In-Progress,Planning,Sprint: Strategy & Ops,Site Updates,Designer 4,Designer,7.18,1436.0,2.2,440.00000000000006,275.0,200,125,Work on updates,2/19/25,Drew,Davis,Creative,Primacy Contractor
RetailPro,RetailPro Site Maintenance 2025,Completed,Testing,Site Updates,Progress & Risk Management,Designer 5,PM - Tech,2.32,463.99999999999994,2.22,444.00000000000006,277.5,200,125,Work on documentation,2/19/25,Casey,Jones,Technology,Primacy Contractor
RetailPro,RetailPro Site Maintenance 2025,In-Progress,Deployment,Content Migration,Site Updates,Designer 5,Developer,6.87,1374.0,2.22,444.00000000000006,277.5,200,125,Work on documentation,2/19/25,Alex,Johnson,Technology,Primacy Staff
TechCorp,TechCorp Site Maintenance 2025,In-Progress,Deployment,Content Migration,Baseline,Content Migration 6,Designer,9.62,1202.5,3.44,430.0,275.2,125,80,Work on development,2/19/25,Alex,Johnson,Technology,Primacy Staff
TechCorp,TechCorp Site Maintenance 2025,In-Progress,Deployment,Sprint: Strategy & Ops,Site Updates,Designer 4,Designer,11.25,2250.0,6.13,1226.0,613.0,200,100,Work on updates,2/20/25,Taylor,Miller,Creative,Primacy Contractor
EduSystems,EduSystems Site Maintenance 2025,On-Hold,Planning,Sprint: Strategy & Ops,Progress & Risk Management,Content Migration 7,Content Migration,4.08,714.0,1.98,346.5,198.0,175,100,Work on updates,2/20/25,Jordan,Williams,Technology,Primacy Staff
RetailPro,RetailPro Site Maintenance 2025,In-Progress,Development,Site Updates,Progress & Risk Management,Designer 3,Designer,11.87,2374.0,4.26,852.0,340.79999999999995,200,80,Work on documentation,2/20/25,Casey,Miller,Growth Architects,Primacy Contractor
FinanceFirst,FinanceFirst Site Maintenance 2025,On-Hold,Development,Site Updates,Site Updates,Content Migration 5,PM - Tech,11.93,2087.75,8.7,1522.4999999999998,1087.5,175,125,Work on testing,2/20/25,Casey,Brown,Project Management,Primacy Contractor
RetailPro,RetailPro Site Maintenance 2025,In-Progress,Testing,UI Development,Site Updates,Developer 3,Designer,2.39,298.75,0.65,81.25,52.0,125,80,Work on review,2/20/25,Drew,Garcia,Growth Architects,Primacy Contractor
FinanceFirst,FinanceFirst Site Maintenance 2025,Completed,Testing,Sprint: Strategy & Ops,Progress & Risk Management,Developer 5,PM - Tech,4.93,616.25,2.17,271.25,271.25,125,125,Work on development,2/20/25,Taylor,Miller,Creative,Primacy Contractor
RetailPro,RetailPro Site Maintenance 2025,In-Progress,Planning,Content Migration,Site Updates,Developer 4,Designer,11.97,1795.5,11.52,1728.0,1440.0,150,125,Work on development,2/21/25,Jordan,Williams,Technology,Primacy Staff
EduSystems,EduSystems Site Maintenance 2025,In-Progress,Testing,Content Migration,Site Updates,Designer 4,PM - Tech,5.16,645.0,2.33,291.25,186.4,125,80,Work on review,2/21/25,Jordan,Williams,Technology,Primacy Staff
RetailPro,RetailPro Site Maintenance 2025,Completed,Testing,Site Updates,Site Updates,PM - Tech 3,PM,7.57,946.25,6.28,785.0,785.0,125,125,Work on documentation,2/21/25,Drew,Garcia,Project Management,Primacy Contractor
HealthNet,HealthNet Site Maintenance 2025,In-Progress,Planning,Content Migration,Baseline,Developer 4,Developer,1.4,210.0,1.29,193.5,161.25,150,125,Work on development,2/21/25,Taylor,Miller,Creative,Primacy Contractor
TechCorp,TechCorp Site Maintenance 2025,In-Progress,Development,UI Development,Progress & Risk Management,Developer 5,Content Migration,2.93,439.5,1.08,162.0,86.4,150,80,Work on development,2/22/25,Drew,Davis,Creative,Primacy Contractor
HealthNet,HealthNet Site Maintenance 2025,Completed,Testing,Site Updates,Baseline,Content Migration 6,PM - Tech,6.73,1177.75,3.12,546.0,312.0,175,100,Work on testing,2/22/25,Jordan,Williams,Technology,Primacy Staff
TechCorp,TechCorp Site Maintenance 2025,Completed,Planning,Content Migration,Progress & Risk Management,PM - Tech 4,PM,0.55,68.75,0.39,48.75,48.75,125,125,Work on updates,2/22/25,Casey,Jones,Technology,Primacy Contractor
EduSystems,EduSystems Site Maintenance 2025,Completed,Development,Site Updates,Site Updates,Designer 5,Developer,9.71,1942.0000000000002,2.9,580.0,290.0,200,100,Work on updates,2/22/25,Alex,Johnson,Technology,Primacy Staff
TechCorp,TechCorp Site Maintenance 2025,In-Progress,Planning,Sprint: Strategy & Ops,Progress & Risk Management,Content Migration 6,Designer,6.05,1058.75,4.41,771.75,551.25,175,125,Work on documentation,2/22/25,Drew,Garcia,Growth Architects,Primacy Contractor
TechCorp,TechCorp Site Maintenance 2025,In-Progress,Planning,UI Development,Progress & Risk Management,Designer 3,PM - Tech,11.63,1744.5000000000002,11.5,1725.0,920.0,150,80,Work on documentation,2/23/25,Drew,Garcia,Growth Architects,Primacy Contractor
FinanceFirst,FinanceFirst Site Maintenance 2025,Completed,Deployment,UI Development,Baseline,Designer 5,Content Migration,1.86,325.5,0.99,173.25,123.75,175,125,Work on updates,2/23/25,Drew,Williams,Creative,Primacy Contractor
TechCorp,TechCorp Site Maintenance 2025,On-Hold,Deployment,Sprint: Strategy & Ops,Baseline,PM - Tech 5,PM,9.16,1603.0,0.33,57.75,26.400000000000002,175,80,Work on testing,2/23/25,Casey,Jones,Technology,Primacy Contractor
RetailPro,RetailPro Site Maintenance 2025,Completed,Testing,Sprint: Strategy & Ops,Baseline,PM - Tech 4,PM,8.09,1011.25,2.31,288.75,184.8,125,80,Work on review,2/23/25,Casey,Jones,Technology,Primacy Contractor
FinanceFirst,FinanceFirst Site Maintenance 2025,Completed,Testing,UI Development,Site Updates,Designer 5,Developer,3.08,462.0,1.39,208.49999999999997,111.19999999999999,150,80,Work on review,2/23/25,Drew,Garcia,Growth Architects,Primacy Contractor
FinanceFirst,FinanceFirst Site Maintenance 2025,Completed,Development,Sprint: Strategy & Ops,Baseline,Content Migration 6,Content Migration,4.04,606.0,2.8,420.0,350.0,150,125,Work on development,2/23/25,Drew,Davis,Technology,Primacy Staff
FinanceFirst,FinanceFirst Site Maintenance 2025,In-Progress,Development,Sprint: Strategy & Ops,Site Updates,PM - Tech 4,PM,9.43,1650.25,6.82,1193.5,852.5,175,125,Work on development,2/24/25,Drew,Garcia,Growth Architects,Primacy Contractor
EduSystems,EduSystems Site Maintenance 2025,Completed,Deployment,Site Updates,Progress & Risk Management,PM - Tech 3,PM,11.66,1749.0,3.26,488.99999999999994,260.79999999999995,150,80,Work on testing,2/24/25,Alex,Johnson,Technology,Primacy Staff
RetailPro,RetailPro Site Maintenance 2025,In-Progress,Planning,Sprint: Strategy & Ops,Baseline,Developer 4,Designer,2.26,282.5,0.3,37.5,37.5,125,125,Work on development,2/24/25,Drew,Davis,Technology,Primacy Staff
RetailPro,RetailPro Site Maintenance 2025,Completed,Testing,UI Development,Site Updates,Developer 3,PM - Tech,0.75,131.25,0.36,63.0,45.0,175,125,Work on documentation,2/24/25,Taylor,Miller,Creative,Primacy Contractor
HealthNet,HealthNet Site Maintenance 2025,In-Progress,Deployment,UI Development,Progress & Risk Management,Designer 3,Developer,7.2,1080.0,5.14,771.0,642.5,150,125,Work on documentation,2/25/25,Drew,Davis,Technology,Primacy Staff
HealthNet,HealthNet Site Maintenance 2025,On-Hold,Deployment,UI Development,Progress & Risk Management,PM - Tech 4,PM,2.51,313.75,1.41,176.25,141.0,125,100,Work on documentation,2/25/25,Jordan,Smith,Growth Architects,Primacy Contractor
RetailPro,RetailPro Site Maintenance 2025,Completed,Deployment,Site Updates,Baseline,Developer 5,Designer,6.81,1362.0,6.09,1218.0,609.0,200,100,Work on testing,2/25/25,Drew,Davis,Creative,Primacy Contractor
EduSystems,EduSystems Site Maintenance 2025,In-Progress,Development,Site Updates,Progress & Risk Management,Developer 4,Designer,2.23,390.25,2.04,357.0,255.0,175,125,Work on updates,2/26/25,Drew,Williams,Creative,Primacy Contractor
TechCorp,TechCorp Site Maintenance 2025,On-Hold,Deployment,Content Migration,Progress & Risk Management,Designer 4,Content Migration,5.39,943.25,2.97,519.75,371.25,175,125,Work on development,2/26/25,Casey,Brown,Project Management,Primacy Contractor
TechCorp,TechCorp Site Maintenance 2025,On-Hold,Testing,Content Migration,Baseline,Content Migration 6,Designer,4.39,768.25,3.56,623.0,356.0,175,100,Work on documentation,2/26/25,Jordan,Smith,Growth Architects,Primacy Contractor
RetailPro,RetailPro Site Maintenance 2025,On-Hold,Testing,Site Updates,Progress & Risk Management,Developer 3,Designer,8.73,1746.0,8.31,1662.0,664.8000000000001,200,80,Work on development,2/26/25,Drew,Garcia,Growth Architects,Primacy Contractor
RetailPro,RetailPro Site Maintenance 2025,In-Progress,Testing,Content Migration,Progress & Risk Management,Content Migration 5,Content Migration,4.37,546.25,1.13,141.25,90.39999999999999,125,80,Work on testing,2/26/25,Jordan,Williams,Technology,Primacy Staff
TechCorp,TechCorp Site Maintenance 2025,Completed,Testing,Content Migration,Baseline,Designer 4,PM - Tech,2.32,406.0,1.94,339.5,155.2,175,80,Work on development,2/26/25,Jordan,Smith,Growth Architects,Primacy Contractor
EduSystems,EduSystems Site Maintenance 2025,On-Hold,Deployment,Content Migration,Site Updates,Developer 3,Content Migration,2.49,311.25,0.45,56.25,36.0,125,80,Work on documentation,2/26/25,Jordan,Williams,Technology,Primacy Staff
HealthNet,HealthNet Site Maintenance 2025,In-Progress,Development,UI Development,Site Updates,Designer 5,Developer,7.23,1446.0,6.59,1318.0,527.2,200,80,Work on development,2/26/25,Pat,Williams,Growth Architects,Primacy Contractor
TechCorp,TechCorp Site Maintenance 2025,Completed,Planning,Content Migration,Site Updates,PM - Tech 4,PM,8.73,1309.5,0.64,96.0,51.2,150,80,Work on development,2/27/25,Drew,Davis,Creative,Primacy Contractor
TechCorp,TechCorp Site Maintenance 2025,In-Progress,Development,Content Migration,Baseline,Developer 4,Developer,5.7,1140.0,1.69,338.0,169.0,200,100,Work on updates,2/27/25,Drew,Garcia,Project Management,Primacy Contractor
RetailPro,RetailPro Site Maintenance 2025,In-Progress,Testing,Content Migration,Baseline,Content Migration 7,Content Migration,8.96,1792.0000000000002,7.52,1504.0,601.5999999999999,200,80,Work on documentation,2/27/25,Taylor,Miller,Creative,Primacy Contractor
FinanceFirst,FinanceFirst Site Maintenance 2025,On-Hold,Planning,Site Updates,Baseline,PM - Tech 5,PM,4.54,794.5,3.22,563.5,257.6,175,80,Work on review,2/27/25,Alex,Garcia,Creative,Primacy Staff
HealthNet,HealthNet Site Maintenance 2025,In-Progress,Development,Content Migration,Site Updates,Content Migration 7,Designer,6.14,1228.0,3.93,786.0,491.25,200,125,Work on review,2/27/25,Pat,Williams,Growth Architects,Primacy Contractor
FinanceFirst,FinanceFirst Site Maintenance 2025,Completed,Deployment,Sprint: Strategy & Ops,Progress & Risk Management,Content Migration 5,PM - Tech,1.92,240.0,0.84,105.0,105.0,125,125,Work on documentation,2/27/25,Taylor,Miller,Creative,Primacy Contractor
HealthNet,HealthNet Site Maintenance 2025,On-Hold,Deployment,Content Migration,Progress & Risk Management,PM - Tech 5,PM,11.02,1928.5,5.82,1018.5,465.6,175,80,Work on development,2/27/25,Drew,Garcia,Growth Architects,Primacy Contractor
EduSystems,EduSystems Site Maintenance 2025,Completed,Testing,Content Migration,Baseline,PM - Tech 3,PM,8.17,1429.75,6.83,1195.25,853.75,175,125,Work on development,2/28/25,Drew,Garcia,Growth Architects,Primacy Contractor
FinanceFirst,FinanceFirst Site Maintenance 2025,Completed,Deployment,UI Development,Progress & Risk Management,PM - Tech 3,PM,3.56,534.0,0.78,117.0,62.400000000000006,150,80,Work on development,2/28/25,Taylor,Miller,Creative,Primacy Contractor
RetailPro,RetailPro Site Maintenance 2025,On-Hold,Testing,Sprint: Strategy & Ops,Progress & Risk Management,Content Migration 5,Developer,1.32,165.0,0.41,51.25,41.0,125,100,Work on review,2/28/25,Jordan,Williams,Technology,Primacy Staff
TechCorp,TechCorp Site Maintenance 2025,On-Hold,Planning,Content Migration,Baseline,Content Migration 5,Designer,2.56,512.0,1.45,290.0,145.0,200,100,Work on development,2/28/25,Casey,Brown,Project Management,Primacy Contractor
RetailPro,RetailPro Site Maintenance 2025,In-Progress,Deployment,UI Development,Baseline,PM - Tech 3,PM,8.58,1287.0,6.87,1030.5,687.0,150,100,Work on documentation,2/28/25,Casey,Jones,Technology,Primacy Contractor
RetailPro,RetailPro Site Maintenance 2025,Completed,Deployment,Site Updates,Baseline,Content Migration 5,Content Migration,7.89,1380.75,5.2,910.0,416.0,175,80,Work on updates,2/28/25,Jordan,Smith,Growth Architects,Primacy Contractor
EduSystems,EduSystems Site Maintenance 2025,Completed,Development,Site Updates,Baseline,Developer 5,Content Migration,10.37,1555.4999999999998,4.3,645.0,344.0,150,80,Work on documentation,2/28/25,Drew,Garcia,Project Management,Primacy Contractor
HealthNet,HealthNet Site Maintenance 2025,Completed,Development,Sprint: Strategy & Ops,Progress & Risk Management,Designer 3,Designer,8.81,1321.5,3.79,568.5,473.75,150,125,Work on review,2/28/25,Pat,Williams,Growth Architects,Primacy Contractor
